,test_index,rep,buffer_size,y_true,y_pred
0,7913,6,5000,4.787691740074546,4.857184644231847
