Mean_R2,StDev_R2,Mean_RMSE,StDev_RMSE,Mean_MAE,StDev_MAE,cName
0.710893020141941,0.0197203594956963,0.9414721018860049,0.03114108651417582,0.6762011784292375,0.018697499953585717,ECM_diversity_rf_VPS2_LP2_REGRESSION
