Mean_R2,StDev_R2,Mean_RMSE,StDev_RMSE,Mean_MAE,StDev_MAE,cName
0.12962313062546443,0.034321659857890784,0.16427097280310238,0.017222277703610893,0.05996522966372871,0.005243896540145092,ECM_diversity_rf_VPS2_LP4
0.12238775449962831,0.03249994302156659,0.16506998058778194,0.01779621963684208,0.05931687148227166,0.005415758631476619,ECM_diversity_rf_VPS2_LP5
0.11959764524970765,0.032141414341284404,0.16532139572518548,0.017759407946350655,0.059217707642586784,0.005417094044988271,ECM_diversity_rf_VPS2_LP6
